"Extracted from the UNHCR Population Statistics Reference Database","United Nations High Commissioner for Refugees"
"Date extracted: 2016-11-07 18:07:14 +01:00"

Year,"Country / territory of asylum/residence",Origin,"Refugees (incl. refugee-like situations)","Asylum-seekers (pending cases)","Returned refugees","Internally displaced persons (IDPs)","Returned IDPs","Stateless persons","Others of concern","Total Population"
1980,Italy,"Syrian Arab Rep.",2,,,,,,,2
1981,Italy,"Syrian Arab Rep.",4,,,,,,,4
1982,Italy,"Syrian Arab Rep.",4,,,,,,,4
1983,Italy,"Syrian Arab Rep.",6,,,,,,,6
1984,Italy,"Syrian Arab Rep.",9,,,,,,,9
1985,Italy,"Syrian Arab Rep.",9,,,,,,,9
1986,Italy,"Syrian Arab Rep.",14,,,,,,,14
1987,Italy,"Syrian Arab Rep.",20,,,,,,,20
1988,"United Kingdom","Syrian Arab Rep.",22,,,,,,,22
1988,Greece,"Syrian Arab Rep.",60,,,,,,,60
1988,Italy,"Syrian Arab Rep.",27,,,,,,,27
1989,Denmark,"Syrian Arab Rep.",11,,,,,,,11
1989,"United Kingdom","Syrian Arab Rep.",13,,,,,,,13
1989,Greece,"Syrian Arab Rep.",100,,,,,,,100
1989,Italy,"Syrian Arab Rep.",34,,,,,,,34
1990,Denmark,"Syrian Arab Rep.",46,,,,,,,46
1990,"United Kingdom","Syrian Arab Rep.",17,,,,,,,17
1990,Italy,"Syrian Arab Rep.",32,,,,,,,32
1990,Sweden,"Syrian Arab Rep.",1796,,,,,,,1796
1991,Denmark,"Syrian Arab Rep.",71,,,,,,,71
1991,Spain,"Syrian Arab Rep.",34,,,,,,,34
1991,"United Kingdom","Syrian Arab Rep.",16,,,,,,,16
1991,Italy,"Syrian Arab Rep.",32,,,,,,,32
1991,Sweden,"Syrian Arab Rep.",2679,,,,,,,2679
1992,Denmark,"Syrian Arab Rep.",108,,,,,,,108
1992,Spain,"Syrian Arab Rep.",31,,,,,,,31
1992,"United Kingdom","Syrian Arab Rep.",9,,,,,,,9
1992,Italy,"Syrian Arab Rep.",36,,,,,,,36
1992,Netherlands,"Syrian Arab Rep.",913,,,,,,,913
1992,Sweden,"Syrian Arab Rep.",3157,,,,,,,3157
1993,Bulgaria,"Syrian Arab Rep.",1,,,,,,,1
1993,Denmark,"Syrian Arab Rep.",129,,,,,,,129
1993,Spain,"Syrian Arab Rep.",38,,,,,,,38
1993,"United Kingdom","Syrian Arab Rep.",9,,,,,,,9
1993,Greece,"Syrian Arab Rep.",125,,,,,,,125
1993,Italy,"Syrian Arab Rep.",35,,,,,,,35
1993,Netherlands,"Syrian Arab Rep.",1040,,,,,,,1040
1993,"Serbia and Kosovo (S/RES/1244 (1999))","Syrian Arab Rep.",3,,,,,,,3
1993,Sweden,"Syrian Arab Rep.",3216,,,,,,,3216
1994,Belgium,"Syrian Arab Rep.",,,1,,,,,1
1994,Bulgaria,"Syrian Arab Rep.",26,,,,,,,26
1994,Denmark,"Syrian Arab Rep.",129,,,,,,,129
1994,Spain,"Syrian Arab Rep.",32,,,,,,,32
1994,"United Kingdom","Syrian Arab Rep.",5,,,,,,,5
1994,Greece,"Syrian Arab Rep.",118,,,,,,,118
1994,Italy,"Syrian Arab Rep.",35,,,,,,,35
1994,Malta,"Syrian Arab Rep.",2,,,,,,,2
1994,Netherlands,"Syrian Arab Rep.",1134,,,,,,,1134
1994,"Serbia and Kosovo (S/RES/1244 (1999))","Syrian Arab Rep.",2,,1,,,,,3
1994,Sweden,"Syrian Arab Rep.",3384,,,,,,,3384
1995,Albania,"Syrian Arab Rep.",3,,,,,,,3
1995,Bulgaria,"Syrian Arab Rep.",31,,,,,,,31
1995,Denmark,"Syrian Arab Rep.",129,,,,,,,129
1995,Spain,"Syrian Arab Rep.",24,,,,,,,24
1995,France,"Syrian Arab Rep.",213,,,,,,,213
1995,"United Kingdom","Syrian Arab Rep.",5,,,,,,,5
1995,Italy,"Syrian Arab Rep.",41,,,,,,,41
1995,Malta,"Syrian Arab Rep.",4,,,,,,,4
1995,Netherlands,"Syrian Arab Rep.",1274,,,,,,,1274
1995,"Serbia and Kosovo (S/RES/1244 (1999))","Syrian Arab Rep.",1,,,,,,,1
1995,Sweden,"Syrian Arab Rep.",3364,,,,,,,3364
1995,Turkey,"Syrian Arab Rep.",43,,,,,,,43
1996,Albania,"Syrian Arab Rep.",3,,,,,,,3
1996,Belgium,"Syrian Arab Rep.",238,,,,,,,238
1996,Bulgaria,"Syrian Arab Rep.",37,,,,,,,37
1996,Denmark,"Syrian Arab Rep.",127,,,,,,,127
1996,Spain,"Syrian Arab Rep.",7,,,,,,,7
1996,France,"Syrian Arab Rep.",192,,,,,,,192
1996,"United Kingdom","Syrian Arab Rep.",5,,,,,,,5
1996,Italy,"Syrian Arab Rep.",36,,,,,,,36
1996,Malta,"Syrian Arab Rep.",5,,,,,,,5
1996,Netherlands,"Syrian Arab Rep.",1502,,,,,,,1502
1996,"Serbia and Kosovo (S/RES/1244 (1999))","Syrian Arab Rep.",1,,,,,,,1
1996,Sweden,"Syrian Arab Rep.",3240,,,,,,,3240
1996,Turkey,"Syrian Arab Rep.",33,,,,,,,33
1997,Albania,"Syrian Arab Rep.",3,,,,,,,3
1997,Belgium,"Syrian Arab Rep.",238,,,,,,,238
1997,Bulgaria,"Syrian Arab Rep.",1,,,,,,,1
1997,Denmark,"Syrian Arab Rep.",145,,,,,,,145
1997,Spain,"Syrian Arab Rep.",8,,,,,,,8
1997,France,"Syrian Arab Rep.",196,,,,,,,196
1997,"United Kingdom","Syrian Arab Rep.",5,,,,,,,5
1997,Italy,"Syrian Arab Rep.",34,,,,,,,34
1997,Kazakhstan,"Syrian Arab Rep.",3,,,,,,,3
1997,Malta,"Syrian Arab Rep.",5,,,,,,,5
1997,Netherlands,"Syrian Arab Rep.",1636,,,,,,,1636
1997,Norway,"Syrian Arab Rep.",50,,,,,,,50
1997,Poland,"Syrian Arab Rep.",14,,,,,,,14
1997,Romania,"Syrian Arab Rep.",2,,,,,,,2
1997,"Serbia and Kosovo (S/RES/1244 (1999))","Syrian Arab Rep.",1,,,,,,,1
1997,Sweden,"Syrian Arab Rep.",3165,,,,,,,3165
1998,Albania,"Syrian Arab Rep.",3,,,,,,,3
1998,Austria,"Syrian Arab Rep.",91,,,,,,,91
1998,Belgium,"Syrian Arab Rep.",105,,,,,,,105
1998,Bulgaria,"Syrian Arab Rep.",1,,,,,,,1
1998,Belarus,"Syrian Arab Rep.",,,,,,,1,1
1998,Switzerland,"Syrian Arab Rep.",59,,,,,,,59
1998,Cyprus,"Syrian Arab Rep.",5,,,,,,,5
1998,Denmark,"Syrian Arab Rep.",144,,,,,,,144
1998,Spain,"Syrian Arab Rep.",10,,,,,,,10
1998,Finland,"Syrian Arab Rep.",27,,,,,,,27
1998,France,"Syrian Arab Rep.",192,,,,,,,192
1998,"United Kingdom","Syrian Arab Rep.",5,,,,,,,5
1998,Italy,"Syrian Arab Rep.",28,,,,,,,28
1998,Kazakhstan,"Syrian Arab Rep.",3,,,,,,,3
1998,Malta,"Syrian Arab Rep.",1,,,,,,,1
1998,Netherlands,"Syrian Arab Rep.",1711,,,,,,,1711
1998,Norway,"Syrian Arab Rep.",71,,,,,,,71
1998,Poland,"Syrian Arab Rep.",14,,,,,,,14
1998,Romania,"Syrian Arab Rep.",8,,,,,,,8
1998,"Serbia and Kosovo (S/RES/1244 (1999))","Syrian Arab Rep.",1,,,,,,,1
1998,Sweden,"Syrian Arab Rep.",3014,,,,,,,3014
1998,Ukraine,"Syrian Arab Rep.",23,,,,,,,23
1999,Austria,"Syrian Arab Rep.",85,,,,,,,85
1999,Belgium,"Syrian Arab Rep.",103,,,,,,,103
1999,Bulgaria,"Syrian Arab Rep.",2,,,,,,,2
1999,Switzerland,"Syrian Arab Rep.",109,,,,,,,109
1999,Cyprus,"Syrian Arab Rep.",15,,,,,,,15
1999,Denmark,"Syrian Arab Rep.",231,,,,,,,231
1999,Spain,"Syrian Arab Rep.",18,,,,,,,18
1999,Finland,"Syrian Arab Rep.",27,,,,,,,27
1999,France,"Syrian Arab Rep.",174,,,,,,,174
1999,"United Kingdom","Syrian Arab Rep.",5,,,,,,,5
1999,Hungary,"Syrian Arab Rep.",2,,,,,,,2
1999,Ireland,"Syrian Arab Rep.",2,,,,,,,2
1999,Italy,"Syrian Arab Rep.",21,,,,,,,21
1999,Kazakhstan,"Syrian Arab Rep.",3,,,,,,,3
1999,Malta,"Syrian Arab Rep.",1,,,,,,,1
1999,Netherlands,"Syrian Arab Rep.",1654,,,,,,,1654
1999,Norway,"Syrian Arab Rep.",120,,,,,,,120
1999,Poland,"Syrian Arab Rep.",14,,,,,,,14
1999,Romania,"Syrian Arab Rep.",14,,,,,,,14
1999,"Serbia and Kosovo (S/RES/1244 (1999))","Syrian Arab Rep.",1,,,,,,,1
1999,Sweden,"Syrian Arab Rep.",2419,,,,,,,2419
1999,Ukraine,"Syrian Arab Rep.",29,,,,,,,29
2000,Austria,"Syrian Arab Rep.",85,,,,,,,85
2000,Azerbaijan,"Syrian Arab Rep.",1,,,,,,,1
2000,Belgium,"Syrian Arab Rep.",102,,,,,,,102
2000,Bulgaria,"Syrian Arab Rep.",11,25,,,,,,36
2000,Belarus,"Syrian Arab Rep.",,3,,,,,,3
2000,Belize,"Syrian Arab Rep.",,15,,,,,,15
2000,Switzerland,"Syrian Arab Rep.",137,152,,,,,,289
2000,Cyprus,"Syrian Arab Rep.",4,4,,,,,,8
2000,"Czech Rep.","Syrian Arab Rep.",,15,,,,,,15
2000,Germany,"Syrian Arab Rep.",,1046,,,,,,1046
2000,Denmark,"Syrian Arab Rep.",219,39,,,,,,258
2000,Spain,"Syrian Arab Rep.",18,,,,,,,18
2000,Finland,"Syrian Arab Rep.",26,,,,,,,26
2000,France,"Syrian Arab Rep.",148,,,,,,,148
2000,Greece,"Syrian Arab Rep.",30,3,,,,,,33
2000,Hungary,"Syrian Arab Rep.",8,8,,,,,,16
2000,Ireland,"Syrian Arab Rep.",2,,,,,,,2
2000,Iceland,"Syrian Arab Rep.",1,,,,,,,1
2000,Italy,"Syrian Arab Rep.",24,,,,,,,24
2000,Kazakhstan,"Syrian Arab Rep.",3,,,,,,,3
2000,Malta,"Syrian Arab Rep.",1,,,,,,,1
2000,Netherlands,"Syrian Arab Rep.",1618,1829,,,,,,3447
2000,Norway,"Syrian Arab Rep.",113,,,,,,,113
2000,Poland,"Syrian Arab Rep.",14,,,,,,,14
2000,Romania,"Syrian Arab Rep.",14,,,,,,,14
2000,"Serbia and Kosovo (S/RES/1244 (1999))","Syrian Arab Rep.",1,1,,,,,,2
2000,Slovakia,"Syrian Arab Rep.",2,1,,,,,,3
2000,Sweden,"Syrian Arab Rep.",2028,,,,,,,2028
2000,Turkey,"Syrian Arab Rep.",1,2,,,,,,3
2000,Ukraine,"Syrian Arab Rep.",36,3,,,,,,39
2001,Austria,"Syrian Arab Rep.",79,,,,,,,79
2001,Azerbaijan,"Syrian Arab Rep.",1,1,,,,,,2
2001,Belgium,"Syrian Arab Rep.",47,,,,,,,47
2001,Bulgaria,"Syrian Arab Rep.",58,,,,,,,58
2001,"Bosnia and Herzegovina","Syrian Arab Rep.",,2,,,,,,2
2001,Belarus,"Syrian Arab Rep.",,3,,,,,,3
2001,Switzerland,"Syrian Arab Rep.",157,185,,,,,,342
2001,Cyprus,"Syrian Arab Rep.",4,26,,,,,,30
2001,"Czech Rep.","Syrian Arab Rep.",7,16,,,,,,23
2001,Germany,"Syrian Arab Rep.",,1152,,,,,,1152
2001,Denmark,"Syrian Arab Rep.",169,68,,,,,,237
2001,Spain,"Syrian Arab Rep.",20,,,,,,,20
2001,Estonia,"Syrian Arab Rep.",,4,,,,,,4
2001,Finland,"Syrian Arab Rep.",32,,,,,,,32
2001,France,"Syrian Arab Rep.",192,,,,,,,192
2001,Greece,"Syrian Arab Rep.",41,4,,,,,,45
2001,Hungary,"Syrian Arab Rep.",9,1,,,,,,10
2001,Ireland,"Syrian Arab Rep.",9,,,,,,,9
2001,Iceland,"Syrian Arab Rep.",1,,,,,,,1
2001,Italy,"Syrian Arab Rep.",22,,,,,,,22
2001,Kazakhstan,"Syrian Arab Rep.",1,,,,,,,1
2001,Malta,"Syrian Arab Rep.",1,1,,,,,,2
2001,Netherlands,"Syrian Arab Rep.",1518,1764,,,,,,3282
2001,Norway,"Syrian Arab Rep.",105,,,,,,,105
2001,Poland,"Syrian Arab Rep.",16,,,,,,,16
2001,Romania,"Syrian Arab Rep.",16,,,,,,,16
2001,"Serbia and Kosovo (S/RES/1244 (1999))","Syrian Arab Rep.",,1,,,,,,1
2001,Slovakia,"Syrian Arab Rep.",2,7,,,,,,9
2001,Sweden,"Syrian Arab Rep.",1268,,,,,,,1268
2001,Turkey,"Syrian Arab Rep.",6,2,,,,,,8
2001,Ukraine,"Syrian Arab Rep.",44,8,,,,,,52
2002,Austria,"Syrian Arab Rep.",61,,,,,,,61
2002,Azerbaijan,"Syrian Arab Rep.",1,,,,,,,1
2002,Belgium,"Syrian Arab Rep.",31,,,,,,,31
2002,Bulgaria,"Syrian Arab Rep.",61,,,,,,,61
2002,"Bosnia and Herzegovina","Syrian Arab Rep.",,1,,,,,,1
2002,Belarus,"Syrian Arab Rep.",,2,,,,,,2
2002,Switzerland,"Syrian Arab Rep.",180,254,,,,,,434
2002,Cyprus,"Syrian Arab Rep.",7,20,,,,,,27
2002,"Czech Rep.","Syrian Arab Rep.",10,7,,,,,,17
2002,Germany,"Syrian Arab Rep.",14398,1279,,,,,,15677
2002,Denmark,"Syrian Arab Rep.",180,49,,,,,,229
2002,Spain,"Syrian Arab Rep.",20,,,,,,,20
2002,Finland,"Syrian Arab Rep.",25,,,,,,,25
2002,France,"Syrian Arab Rep.",207,,,,,,,207
2002,Greece,"Syrian Arab Rep.",55,4,,,,,,59
2002,Hungary,"Syrian Arab Rep.",10,10,,,,,,20
2002,Ireland,"Syrian Arab Rep.",13,,,,,,,13
2002,Iceland,"Syrian Arab Rep.",1,,,,,,,1
2002,Italy,"Syrian Arab Rep.",36,,,,,,,36
2002,Malta,"Syrian Arab Rep.",4,,,,,,,4
2002,Netherlands,"Syrian Arab Rep.",1454,1256,,,,,,2710
2002,Norway,"Syrian Arab Rep.",107,,,,,,,107
2002,Poland,"Syrian Arab Rep.",16,1,,,,,,17
2002,Romania,"Syrian Arab Rep.",16,3,,,,,,19
2002,Slovakia,"Syrian Arab Rep.",,5,,,,,,5
2002,Sweden,"Syrian Arab Rep.",970,871,,,,,,1841
2002,Turkey,"Syrian Arab Rep.",6,5,,,,,,11
2002,Ukraine,"Syrian Arab Rep.",45,,,,,,,45
2003,Armenia,"Syrian Arab Rep.",,3,,,,,,3
2003,Austria,"Syrian Arab Rep.",61,,,,,,,61
2003,Azerbaijan,"Syrian Arab Rep.",1,,,,,,,1
2003,Belgium,"Syrian Arab Rep.",19,170,,,,,,189
2003,Bulgaria,"Syrian Arab Rep.",65,,,,,,,65
2003,"Bosnia and Herzegovina","Syrian Arab Rep.",1,1,,,,,,2
2003,Belarus,"Syrian Arab Rep.",,2,,,,,,2
2003,Switzerland,"Syrian Arab Rep.",178,135,,,,,,313
2003,Cyprus,"Syrian Arab Rep.",13,44,,,,,,57
2003,"Czech Rep.","Syrian Arab Rep.",14,3,,,,,,17
2003,Germany,"Syrian Arab Rep.",15745,703,,,,,,16448
2003,Denmark,"Syrian Arab Rep.",172,28,,,,,,200
2003,Spain,"Syrian Arab Rep.",15,,,,,,,15
2003,Finland,"Syrian Arab Rep.",34,,,,,,,34
2003,France,"Syrian Arab Rep.",191,,,,,,,191
2003,"United Kingdom","Syrian Arab Rep.",16,,,,,,,16
2003,Greece,"Syrian Arab Rep.",55,12,,,,,,67
2003,Hungary,"Syrian Arab Rep.",17,12,,,,,,29
2003,Ireland,"Syrian Arab Rep.",15,16,,,,,,31
2003,Iceland,"Syrian Arab Rep.",1,,,,,,,1
2003,Italy,"Syrian Arab Rep.",35,,,,,,,35
2003,Malta,"Syrian Arab Rep.",7,,,,,,,7
2003,Netherlands,"Syrian Arab Rep.",1479,840,,,,,,2319
2003,Norway,"Syrian Arab Rep.",93,,,,,,,93
2003,Poland,"Syrian Arab Rep.",16,3,,,,,,19
2003,Romania,"Syrian Arab Rep.",21,4,,,,,,25
2003,Slovakia,"Syrian Arab Rep.",,43,,,,,,43
2003,Sweden,"Syrian Arab Rep.",1048,886,,,,,,1934
2003,Turkey,"Syrian Arab Rep.",3,5,,,,,,8
2003,Ukraine,"Syrian Arab Rep.",42,24,,,,,,66
2004,Austria,"Syrian Arab Rep.",75,,,,,,,75
2004,Azerbaijan,"Syrian Arab Rep.",2,,,,,,,2
2004,Belgium,"Syrian Arab Rep.",80,253,,,,,,333
2004,Bulgaria,"Syrian Arab Rep.",72,2,,,,,,74
2004,"Bosnia and Herzegovina","Syrian Arab Rep.",1,1,,,,,,2
2004,Belarus,"Syrian Arab Rep.",,3,,,,,,3
2004,Switzerland,"Syrian Arab Rep.",179,106,,,,,,285
2004,Cyprus,"Syrian Arab Rep.",26,532,,,,,,558
2004,"Czech Rep.","Syrian Arab Rep.",14,,,,,,,14
2004,Germany,"Syrian Arab Rep.",16184,475,,,,,,16659
2004,Denmark,"Syrian Arab Rep.",177,18,,,,,,195
2004,Spain,"Syrian Arab Rep.",21,,,,,,,21
2004,Finland,"Syrian Arab Rep.",40,,,,,,,40
2004,France,"Syrian Arab Rep.",205,,,,,,,205
2004,"United Kingdom","Syrian Arab Rep.",44,,,,,,,44
2004,Greece,"Syrian Arab Rep.",50,28,,,,,,78
2004,Hungary,"Syrian Arab Rep.",29,4,,,,,,33
2004,Ireland,"Syrian Arab Rep.",21,18,,,,,,39
2004,Iceland,"Syrian Arab Rep.",1,,,,,,,1
2004,Italy,"Syrian Arab Rep.",41,,,,,,,41
2004,Malta,"Syrian Arab Rep.",10,2,,,,,,12
2004,Netherlands,"Syrian Arab Rep.",1588,549,,,,,,2137
2004,Norway,"Syrian Arab Rep.",132,,,,,,,132
2004,Poland,"Syrian Arab Rep.",4,5,,,,,,9
2004,Romania,"Syrian Arab Rep.",21,5,,,,,,26
2004,Slovakia,"Syrian Arab Rep.",,16,,,,,,16
2004,Sweden,"Syrian Arab Rep.",940,606,,,,,,1546
2004,Turkey,"Syrian Arab Rep.",,14,,,,,,14
2004,Ukraine,"Syrian Arab Rep.",40,43,,,,,,83
2005,Austria,"Syrian Arab Rep.",122,,,,,,,122
2005,Azerbaijan,"Syrian Arab Rep.",1,2,,,,,,3
2005,Belgium,"Syrian Arab Rep.",115,409,,,,,,524
2005,Bulgaria,"Syrian Arab Rep.",78,,,,,,,78
2005,"Bosnia and Herzegovina","Syrian Arab Rep.",1,,,,,,,1
2005,Belarus,"Syrian Arab Rep.",,1,,,,,,1
2005,Switzerland,"Syrian Arab Rep.",294,91,,,,,,385
2005,Cyprus,"Syrian Arab Rep.",42,1535,,,,,,1577
2005,"Czech Rep.","Syrian Arab Rep.",13,12,,,,,,25
2005,Germany,"Syrian Arab Rep.",10469,2888,,,,,,13357
2005,Denmark,"Syrian Arab Rep.",188,12,,,,,,200
2005,Spain,"Syrian Arab Rep.",21,,,,,,,21
2005,Finland,"Syrian Arab Rep.",39,,,,,,,39
2005,France,"Syrian Arab Rep.",213,,,,,,,213
2005,"United Kingdom","Syrian Arab Rep.",208,,,,,,,208
2005,Greece,"Syrian Arab Rep.",49,29,,,,,,78
2005,Hungary,"Syrian Arab Rep.",44,5,,,,,,49
2005,Ireland,"Syrian Arab Rep.",27,,,,,,,27
2005,Iceland,"Syrian Arab Rep.",1,,,,,,,1
2005,Italy,"Syrian Arab Rep.",47,,,,,,,47
2005,Malta,"Syrian Arab Rep.",8,6,,,,,,14
2005,Netherlands,"Syrian Arab Rep.",1674,336,,,,,,2010
2005,Norway,"Syrian Arab Rep.",144,,,,,,,144
2005,Poland,"Syrian Arab Rep.",6,7,,,,,,13
2005,Romania,"Syrian Arab Rep.",24,3,,,,,,27
2005,Slovakia,"Syrian Arab Rep.",,10,,,,,,10
2005,Sweden,"Syrian Arab Rep.",1032,367,,,,,,1399
2005,Turkey,"Syrian Arab Rep.",12,7,,,,,,19
2005,Ukraine,"Syrian Arab Rep.",39,41,,,,,,80
2006,Armenia,"Syrian Arab Rep.",,2,,,,,,2
2006,Austria,"Syrian Arab Rep.",167,290,,,,,,457
2006,Azerbaijan,"Syrian Arab Rep.",1,,,,,,,1
2006,Belgium,"Syrian Arab Rep.",100,153,,,,,,253
2006,Bulgaria,"Syrian Arab Rep.",79,,,,,,,79
2006,"Bosnia and Herzegovina","Syrian Arab Rep.",1,,,,,,,1
2006,Switzerland,"Syrian Arab Rep.",388,117,,,,,,505
2006,Cyprus,"Syrian Arab Rep.",50,2461,,,,,,2511
2006,"Czech Rep.","Syrian Arab Rep.",14,31,,,,,,45
2006,Germany,"Syrian Arab Rep.",5845,2117,,,,,,7962
2006,Denmark,"Syrian Arab Rep.",213,11,,,,,,224
2006,Spain,"Syrian Arab Rep.",21,,,,,,,21
2006,Finland,"Syrian Arab Rep.",42,12,,,,,,54
2006,France,"Syrian Arab Rep.",216,,,,,,,216
2006,"United Kingdom","Syrian Arab Rep.",286,,,,,,,286
2006,Greece,"Syrian Arab Rep.",50,11,,,,,,61
2006,Hungary,"Syrian Arab Rep.",46,14,,,,,,60
2006,Ireland,"Syrian Arab Rep.",29,12,,,,,,41
2006,Iceland,"Syrian Arab Rep.",1,,,,,,,1
2006,Italy,"Syrian Arab Rep.",62,,,,,,,62
2006,Malta,"Syrian Arab Rep.",11,,,,,,,11
2006,Netherlands,"Syrian Arab Rep.",1559,362,,,,,,1921
2006,Norway,"Syrian Arab Rep.",146,82,,,,,,228
2006,Poland,"Syrian Arab Rep.",7,2,,,,,,9
2006,Romania,"Syrian Arab Rep.",28,8,,,,,,36
2006,Slovakia,"Syrian Arab Rep.",,10,,,,,,10
2006,Sweden,"Syrian Arab Rep.",1065,462,,,,,,1527
2006,Turkey,"Syrian Arab Rep.",2,5,,,,,,7
2006,Ukraine,"Syrian Arab Rep.",37,34,,,,,,71
2007,Armenia,"Syrian Arab Rep.",,2,,,,,,2
2007,Austria,"Syrian Arab Rep.",255,326,,,,,,581
2007,Azerbaijan,"Syrian Arab Rep.",1,,,,,,,1
2007,Belgium,"Syrian Arab Rep.",114,0,,,,,,114
2007,Bulgaria,"Syrian Arab Rep.",85,0,,,,,,85
2007,"Bosnia and Herzegovina","Syrian Arab Rep.",1,1,,,,,,2
2007,Switzerland,"Syrian Arab Rep.",430,299,,,,,,729
2007,Cyprus,"Syrian Arab Rep.",65,2262,,,,,,2327
2007,"Czech Rep.","Syrian Arab Rep.",15,18,,,,,,33
2007,Germany,"Syrian Arab Rep.",6996,1414,,,,,,8410
2007,Denmark,"Syrian Arab Rep.",218,43,,,,,,261
2007,Spain,"Syrian Arab Rep.",21,0,,,,,,21
2007,Finland,"Syrian Arab Rep.",46,5,,,,,,51
2007,France,"Syrian Arab Rep.",217,0,,,,,,217
2007,"United Kingdom","Syrian Arab Rep.",364,0,,,,,,364
2007,Greece,"Syrian Arab Rep.",47,392,,,,,,439
2007,Hungary,"Syrian Arab Rep.",42,26,,,,,,68
2007,Ireland,"Syrian Arab Rep.",34,13,,,,,,47
2007,Iceland,"Syrian Arab Rep.",1,1,,,,,,2
2007,Italy,"Syrian Arab Rep.",84,0,,,,,,84
2007,Malta,"Syrian Arab Rep.",11,0,,,,,,11
2007,Netherlands,"Syrian Arab Rep.",1421,0,,,,,,1421
2007,Norway,"Syrian Arab Rep.",149,86,,,,,,235
2007,Poland,"Syrian Arab Rep.",8,4,,,,,,12
2007,Romania,"Syrian Arab Rep.",29,3,,,,,,32
2007,"Russian Federation","Syrian Arab Rep.",1,,,,,,,1
2007,Slovakia,"Syrian Arab Rep.",13,1,,,,,,14
2007,Sweden,"Syrian Arab Rep.",1081,544,,,,,,1625
2007,Turkey,"Syrian Arab Rep.",5,19,,,,,,24
2007,Ukraine,"Syrian Arab Rep.",36,29,,,,,,65
2008,Austria,"Syrian Arab Rep.",333,357,,,,,,690
2008,Belgium,"Syrian Arab Rep.",152,0,,,,,,152
2008,Bulgaria,"Syrian Arab Rep.",86,4,,,,,,90
2008,"Bosnia and Herzegovina","Syrian Arab Rep.",1,1,,,,,,2
2008,Switzerland,"Syrian Arab Rep.",626,575,,,,,,1201
2008,Cyprus,"Syrian Arab Rep.",70,1010,,,,,,1080
2008,"Czech Rep.","Syrian Arab Rep.",16,38,,,,,,54
2008,Germany,"Syrian Arab Rep.",8205,1418,,,,,,9623
2008,Denmark,"Syrian Arab Rep.",272,30,,,,,,302
2008,Spain,"Syrian Arab Rep.",34,0,,,,,,34
2008,Finland,"Syrian Arab Rep.",50,15,,,,,,65
2008,France,"Syrian Arab Rep.",233,0,,,,,,233
2008,"United Kingdom","Syrian Arab Rep.",395,0,,,,,,395
2008,Greece,"Syrian Arab Rep.",39,127,,,,,,166
2008,Hungary,"Syrian Arab Rep.",44,31,,,,,,75
2008,Ireland,"Syrian Arab Rep.",36,16,,,,,,52
2008,Iceland,"Syrian Arab Rep.",1,2,,,,,,3
2008,Italy,"Syrian Arab Rep.",110,0,,,,,,110
2008,Latvia,"Syrian Arab Rep.",,3,,,,,,3
2008,Malta,"Syrian Arab Rep.",11,0,,,,,,11
2008,Netherlands,"Syrian Arab Rep.",1326,0,,,,,,1326
2008,Norway,"Syrian Arab Rep.",154,122,,,,,,276
2008,Poland,"Syrian Arab Rep.",8,4,,,,,,12
2008,Romania,"Syrian Arab Rep.",25,6,,,,,,31
2008,"Russian Federation","Syrian Arab Rep.",2,4,,,,,,6
2008,Slovakia,"Syrian Arab Rep.",14,0,,,,,,14
2008,Sweden,"Syrian Arab Rep.",1084,617,,,,,,1701
2008,Turkey,"Syrian Arab Rep.",12,21,,,,,,33
2008,Ukraine,"Syrian Arab Rep.",39,47,,,,,,86
2009,Austria,"Syrian Arab Rep.",385,495,,,,,,880
2009,Belgium,"Syrian Arab Rep.",177,0,,,,,,177
2009,Bulgaria,"Syrian Arab Rep.",90,10,,,,,,100
2009,"Bosnia and Herzegovina","Syrian Arab Rep.",1,2,,,,,,3
2009,Switzerland,"Syrian Arab Rep.",661,723,,,,,,1384
2009,Cyprus,"Syrian Arab Rep.",95,404,,,,,,499
2009,"Czech Rep.","Syrian Arab Rep.",15,56,,,,,,71
2009,Germany,"Syrian Arab Rep.",10217,1811,,,,,,12028
2009,Denmark,"Syrian Arab Rep.",392,152,,,,,,544
2009,Spain,"Syrian Arab Rep.",33,0,,,,,,33
2009,Finland,"Syrian Arab Rep.",52,31,,,,,,83
2009,France,"Syrian Arab Rep.",244,0,,,,,,244
2009,"United Kingdom","Syrian Arab Rep.",460,0,,,,,,460
2009,Greece,"Syrian Arab Rep.",19,0,,,,,,19
2009,Hungary,"Syrian Arab Rep.",43,3,,,,,,46
2009,Ireland,"Syrian Arab Rep.",34,6,,,,,,40
2009,Iceland,"Syrian Arab Rep.",1,0,,,,,,1
2009,Italy,"Syrian Arab Rep.",190,0,,,,,,190
2009,Malta,"Syrian Arab Rep.",18,7,,,,,,25
2009,Netherlands,"Syrian Arab Rep.",1254,98,,,,,,1352
2009,Norway,"Syrian Arab Rep.",152,297,,,,,,449
2009,Poland,"Syrian Arab Rep.",8,3,,,,,,11
2009,Romania,"Syrian Arab Rep.",19,11,,,,,,30
2009,"Russian Federation","Syrian Arab Rep.",4,3,,,,,,7
2009,Slovakia,"Syrian Arab Rep.",20,0,,,,,,20
2009,Sweden,"Syrian Arab Rep.",1118,594,,,,,,1712
2009,Turkey,"Syrian Arab Rep.",8,56,,,,,,64
2009,Ukraine,"Syrian Arab Rep.",42,54,,,,,,96
2010,Austria,"Syrian Arab Rep.",505,471,,,,,,976
2010,Belgium,"Syrian Arab Rep.",229,0,,,,,,229
2010,Bulgaria,"Syrian Arab Rep.",95,30,,,,,,125
2010,"Bosnia and Herzegovina","Syrian Arab Rep.",1,2,,,,,,3
2010,Switzerland,"Syrian Arab Rep.",694,859,,,,,,1553
2010,Cyprus,"Syrian Arab Rep.",125,242,,,,,,367
2010,"Czech Rep.","Syrian Arab Rep.",23,36,,,,,,59
2010,Germany,"Syrian Arab Rep.",10518,2690,,,,,,13208
2010,Denmark,"Syrian Arab Rep.",750,483,,,,,,1233
2010,Spain,"Syrian Arab Rep.",35,12,,,,,,47
2010,Finland,"Syrian Arab Rep.",59,23,,,,,,82
2010,France,"Syrian Arab Rep.",280,0,,,,,,280
2010,"United Kingdom","Syrian Arab Rep.",499,0,,,,,,499
2010,Greece,"Syrian Arab Rep.",16,2217,,,,,,2233
2010,Croatia,"Syrian Arab Rep.",,4,,,,,,4
2010,Hungary,"Syrian Arab Rep.",39,8,,,,,,47
2010,Ireland,"Syrian Arab Rep.",34,10,,,,,,44
2010,Iceland,"Syrian Arab Rep.",1,2,,,,,,3
2010,Italy,"Syrian Arab Rep.",211,29,,,,,,240
2010,Luxembourg,"Syrian Arab Rep.",,15,,,,,,15
2010,Malta,"Syrian Arab Rep.",33,3,,,,,,36
2010,Netherlands,"Syrian Arab Rep.",1186,133,,,,,,1319
2010,Norway,"Syrian Arab Rep.",186,192,,,,,,378
2010,Poland,"Syrian Arab Rep.",8,8,,,,,,16
2010,Romania,"Syrian Arab Rep.",21,13,,,,,,34
2010,"Russian Federation","Syrian Arab Rep.",5,3,,,,,,8
2010,Slovakia,"Syrian Arab Rep.",22,0,,,,,,22
2010,Sweden,"Syrian Arab Rep.",1169,371,,,,,,1540
2010,Turkey,"Syrian Arab Rep.",9,65,,,,,,74
2010,Ukraine,"Syrian Arab Rep.",42,96,,,,,,138
2011,Armenia,"Syrian Arab Rep.",6,2,,,,,,8
2011,Austria,"Syrian Arab Rep.",903,456,,,,,,1359
2011,Azerbaijan,"Syrian Arab Rep.",1,0,,,,,,1
2011,Belgium,"Syrian Arab Rep.",312,666,,,,,,978
2011,Bulgaria,"Syrian Arab Rep.",98,70,,,,,,168
2011,"Bosnia and Herzegovina","Syrian Arab Rep.",1,2,,,,,,3
2011,Switzerland,"Syrian Arab Rep.",1074,1066,,,,,,2140
2011,Cyprus,"Syrian Arab Rep.",137,345,,,,,,482
2011,"Czech Rep.","Syrian Arab Rep.",23,0,,,,,,23
2011,Germany,"Syrian Arab Rep.",10155,4713,,,,,,14868
2011,Denmark,"Syrian Arab Rep.",1197,93,,,,,,1290
2011,Spain,"Syrian Arab Rep.",32,0,,,,,,32
2011,Finland,"Syrian Arab Rep.",86,75,,,,,,161
2011,France,"Syrian Arab Rep.",351,0,,,,,,351
2011,"United Kingdom","Syrian Arab Rep.",693,339,,,,,,1032
2011,Greece,"Syrian Arab Rep.",10,0,,,,,,10
2011,Croatia,"Syrian Arab Rep.",,4,,,,,,4
2011,Hungary,"Syrian Arab Rep.",42,0,,,,,,42
2011,Ireland,"Syrian Arab Rep.",27,18,,,,,,45
2011,Iceland,"Syrian Arab Rep.",1,0,,,,,,1
2011,Italy,"Syrian Arab Rep.",262,0,,,,,,262
2011,Kazakhstan,"Syrian Arab Rep.",,2,,,,,,2
2011,Latvia,"Syrian Arab Rep.",4,11,,,,,,15
2011,Malta,"Syrian Arab Rep.",80,72,,,,,,152
2011,Netherlands,"Syrian Arab Rep.",1064,231,,,,,,1295
2011,Norway,"Syrian Arab Rep.",171,336,,,,,,507
2011,Poland,"Syrian Arab Rep.",10,10,,,,,,20
2011,Romania,"Syrian Arab Rep.",20,27,,,,,,47
2011,"Russian Federation","Syrian Arab Rep.",4,12,,,,,,16
2011,Slovakia,"Syrian Arab Rep.",23,0,,,,,,23
2011,Slovenia,"Syrian Arab Rep.",,6,,,,,,6
2011,Sweden,"Syrian Arab Rep.",1206,485,,,,,,1691
2011,Turkey,"Syrian Arab Rep.",19,205,,,,,9270,9494
2011,Ukraine,"Syrian Arab Rep.",43,176,,,,,,219
2012,Albania,"Syrian Arab Rep.",,3,,,,,,3
2012,Armenia,"Syrian Arab Rep.",136,340,,,,,5500,5976
2012,Austria,"Syrian Arab Rep.",1675,694,,,,,,2369
2012,Azerbaijan,"Syrian Arab Rep.",3,6,,,,,,9
2012,Belgium,"Syrian Arab Rep.",355,938,,,,,,1293
2012,Bulgaria,"Syrian Arab Rep.",97,0,,,,,,97
2012,"Bosnia and Herzegovina","Syrian Arab Rep.",5,26,,,,,,31
2012,Belarus,"Syrian Arab Rep.",,11,,,,,,11
2012,Switzerland,"Syrian Arab Rep.",1391,1692,,,,,,3083
2012,Cyprus,"Syrian Arab Rep.",139,946,,,,,,1085
2012,"Czech Rep.","Syrian Arab Rep.",54,70,,,,,,124
2012,Germany,"Syrian Arab Rep.",18165,5986,,,,,,24151
2012,Denmark,"Syrian Arab Rep.",1903,115,,,,,,2018
2012,Spain,"Syrian Arab Rep.",32,320,,,,,,352
2012,Finland,"Syrian Arab Rep.",218,110,,,,,,328
2012,France,"Syrian Arab Rep.",640,0,,,,,,640
2012,"United Kingdom","Syrian Arab Rep.",1717,389,,,,,,2106
2012,Georgia,"Syrian Arab Rep.",141,16,,,,,,157
2012,Greece,"Syrian Arab Rep.",20,0,,,,,,20
2012,Croatia,"Syrian Arab Rep.",12,40,,,,,,52
2012,Hungary,"Syrian Arab Rep.",86,0,,,,,,86
2012,Ireland,"Syrian Arab Rep.",38,15,,,,,,53
2012,Iceland,"Syrian Arab Rep.",2,2,,,,,,4
2012,Italy,"Syrian Arab Rep.",445,507,,,,,,952
2012,Kazakhstan,"Syrian Arab Rep.",,12,,,,,,12
2012,Latvia,"Syrian Arab Rep.",17,15,,,,,,32
2012,Malta,"Syrian Arab Rep.",191,139,,,,,,330
2012,Montenegro,"Syrian Arab Rep.",,7,,,,,,7
2012,Netherlands,"Syrian Arab Rep.",1449,231,,,,,,1680
2012,Norway,"Syrian Arab Rep.",565,306,,,,,,871
2012,Poland,"Syrian Arab Rep.",17,83,,,,,,100
2012,Portugal,"Syrian Arab Rep.",,9,,,,,,9
2012,Romania,"Syrian Arab Rep.",152,10,,,,,,162
2012,"Russian Federation","Syrian Arab Rep.",53,91,,,,,1400,1544
2012,"Serbia and Kosovo (S/RES/1244 (1999))","Syrian Arab Rep.",,49,,,,,,49
2012,Slovakia,"Syrian Arab Rep.",24,0,,,,,,24
2012,Slovenia,"Syrian Arab Rep.",2,8,,,,,,10
2012,Sweden,"Syrian Arab Rep.",6051,3751,,,,,,9802
2012,Turkey,"Syrian Arab Rep.",248466,200,68573,,,,,317239
2012,Ukraine,"Syrian Arab Rep.",63,453,,,,,,516
2013,Albania,"Syrian Arab Rep.",,15,,,,,,15
2013,Armenia,"Syrian Arab Rep.",11090,42,,,,,,11132
2013,Austria,"Syrian Arab Rep.",2748,1561,,,,,,4309
2013,Azerbaijan,"Syrian Arab Rep.",9,6,,,,,,15
2013,Belgium,"Syrian Arab Rep.",1987,378,,,,,,2365
2013,Bulgaria,"Syrian Arab Rep.",2104,2500,,,,,,4604
2013,"Bosnia and Herzegovina","Syrian Arab Rep.",48,18,,,,,,66
2013,Belarus,"Syrian Arab Rep.",35,25,,,,,,60
2013,Switzerland,"Syrian Arab Rep.",2012,2849,,,,,,4861
2013,Cyprus,"Syrian Arab Rep.",316,1319,,,,,,1635
2013,"Czech Rep.","Syrian Arab Rep.",149,25,,,,,,174
2013,Germany,"Syrian Arab Rep.",21253,10566,,,,,,31819
2013,Denmark,"Syrian Arab Rep.",3271,86,,,,,,3357
2013,Spain,"Syrian Arab Rep.",180,743,,,,,,923
2013,Estonia,"Syrian Arab Rep.",2,10,,,,,,12
2013,Finland,"Syrian Arab Rep.",352,77,,,,,,429
2013,France,"Syrian Arab Rep.",1474,343,,,,,,1817
2013,"United Kingdom","Syrian Arab Rep.",3169,641,,,,,,3810
2013,Georgia,"Syrian Arab Rep.",516,26,,,,,,542
2013,Greece,"Syrian Arab Rep.",195,1665,,,,,8000,9860
2013,Croatia,"Syrian Arab Rep.",22,37,,,,,,59
2013,Hungary,"Syrian Arab Rep.",141,184,,,,,,325
2013,Ireland,"Syrian Arab Rep.",71,15,,,,,,86
2013,Iceland,"Syrian Arab Rep.",7,11,,,,,,18
2013,Italy,"Syrian Arab Rep.",840,278,,,,,,1118
2013,Kazakhstan,"Syrian Arab Rep.",7,22,,,,,,29
2013,Luxembourg,"Syrian Arab Rep.",5,23,,,,,,28
2013,Latvia,"Syrian Arab Rep.",33,12,,,,,,45
2013,Malta,"Syrian Arab Rep.",776,102,,,,,,878
2013,Montenegro,"Syrian Arab Rep.",,60,,,,,,60
2013,Netherlands,"Syrian Arab Rep.",3404,0,,,,,,3404
2013,Norway,"Syrian Arab Rep.",1311,259,,,,,,1570
2013,Poland,"Syrian Arab Rep.",108,100,,,,,,208
2013,Portugal,"Syrian Arab Rep.",14,8,,,,,,22
2013,Romania,"Syrian Arab Rep.",932,91,,,,,,1023
2013,"Russian Federation","Syrian Arab Rep.",1163,839,,,,,1400,3402
2013,"Serbia and Kosovo (S/RES/1244 (1999))","Syrian Arab Rep.",3,60,,,,,,63
2013,Slovakia,"Syrian Arab Rep.",26,0,,,,,,26
2013,Slovenia,"Syrian Arab Rep.",9,2,,,,,,11
2013,Sweden,"Syrian Arab Rep.",17984,6808,,,,,,24792
2013,Turkey,"Syrian Arab Rep.",585601,110,140756,,,,,726467
2013,Ukraine,"Syrian Arab Rep.",167,591,,,,,,758
2014,Albania,"Syrian Arab Rep.",*,8,,,,,,8
2014,Armenia,"Syrian Arab Rep.",14994,9,,,,,,15003
2014,Austria,"Syrian Arab Rep.",2748,0,,,,,,2748
2014,Azerbaijan,"Syrian Arab Rep.",7,7,,,,,,14
2014,Belgium,"Syrian Arab Rep.",2620,733,,,,,,3353
2014,Bulgaria,"Syrian Arab Rep.",8501,2510,,,,,,11011
2014,"Bosnia and Herzegovina","Syrian Arab Rep.",25,*,,,,,,25
2014,Belarus,"Syrian Arab Rep.",72,48,,,,,,120
2014,Switzerland,"Syrian Arab Rep.",5161,3501,,,,,,8662
2014,Cyprus,"Syrian Arab Rep.",1451,1109,,,,,,2560
2014,"Czech Rep.","Syrian Arab Rep.",236,54,,,,,,290
2014,Germany,"Syrian Arab Rep.",40994,29591,,,,,,70585
2014,Denmark,"Syrian Arab Rep.",7253,1468,,,,,,8721
2014,Spain,"Syrian Arab Rep.",1336,781,,,,,,2117
2014,Estonia,"Syrian Arab Rep.",6,*,,,,,,6
2014,Finland,"Syrian Arab Rep.",438,55,,,,,,493
2014,France,"Syrian Arab Rep.",2882,1239,,,,,,4121
2014,"United Kingdom","Syrian Arab Rep.",4572,1329,,,,,,5901
2014,Georgia,"Syrian Arab Rep.",471,34,,,,,,505
2014,Greece,"Syrian Arab Rep.",3913,182,,,,,,4095
2014,Croatia,"Syrian Arab Rep.",22,6,,,,,,28
2014,Hungary,"Syrian Arab Rep.",334,823,,,,,,1157
2014,Ireland,"Syrian Arab Rep.",176,11,,,,,,187
2014,Iceland,"Syrian Arab Rep.",7,5,,,,,,12
2014,Italy,"Syrian Arab Rep.",1144,331,,,,,,1475
2014,Kazakhstan,"Syrian Arab Rep.",14,28,,,,,,42
2014,Liechtenstein,"Syrian Arab Rep.",5,0,,,,,,5
2014,Luxembourg,"Syrian Arab Rep.",59,60,,,,,,119
2014,Latvia,"Syrian Arab Rep.",52,17,,,,,,69
2014,Malta,"Syrian Arab Rep.",1047,34,,,,,,1081
2014,Montenegro,"Syrian Arab Rep.",,36,,,,,,36
2014,Netherlands,"Syrian Arab Rep.",8692,2323,,,,,,11015
2014,Norway,"Syrian Arab Rep.",2568,828,,,,,,3396
2014,Poland,"Syrian Arab Rep.",240,34,,,,,,274
2014,Portugal,"Syrian Arab Rep.",15,15,,,,,,30
2014,Romania,"Syrian Arab Rep.",1278,114,,,,,,1392
2014,"Russian Federation","Syrian Arab Rep.",1927,413,,,,,,2340
2014,"Serbia and Kosovo (S/RES/1244 (1999))","Syrian Arab Rep.",6,238,,,,,,244
2014,Slovakia,"Syrian Arab Rep.",40,0,,,,,,40
2014,Slovenia,"Syrian Arab Rep.",20,8,,,,,,28
2014,Sweden,"Syrian Arab Rep.",34285,19011,,,,,,53296
2014,Turkey,"Syrian Arab Rep.",1557899,250,,,,,,1558149
2014,Ukraine,"Syrian Arab Rep.",341,594,,,,,,935
2015,Armenia,"Syrian Arab Rep.",16611,12,0,0,0,0,0,16623
2015,Austria,"Syrian Arab Rep.",14894,18669,0,0,0,0,0,33563
2015,Azerbaijan,"Syrian Arab Rep.",8,8,*,0,0,0,0,16
2015,Belgium,"Syrian Arab Rep.",4239,3870,0,0,0,0,0,8109
2015,Bulgaria,"Syrian Arab Rep.",13819,1683,0,0,0,0,0,15502
2015,"Bosnia and Herzegovina","Syrian Arab Rep.",14,*,0,0,0,0,0,14
2015,Belarus,"Syrian Arab Rep.",138,7,0,0,0,0,0,145
2015,Switzerland,"Syrian Arab Rep.",8695,4462,0,0,0,0,0,13157
2015,Cyprus,"Syrian Arab Rep.",3110,692,0,0,0,0,6000,9802
2015,"Czech Rep.","Syrian Arab Rep.",365,42,0,0,0,0,0,407
2015,Germany,"Syrian Arab Rep.",115604,81582,0,0,0,0,0,197186
2015,Denmark,"Syrian Arab Rep.",12988,825,0,0,0,0,0,13813
2015,Spain,"Syrian Arab Rep.",1336,3280,0,0,0,0,0,4616
2015,Estonia,"Syrian Arab Rep.",6,0,0,0,0,0,0,6
2015,Finland,"Syrian Arab Rep.",565,705,0,0,0,0,0,1270
2015,France,"Syrian Arab Rep.",5179,2711,0,0,0,0,0,7890
2015,"United Kingdom","Syrian Arab Rep.",6496,1648,0,0,0,0,0,8144
2015,Georgia,"Syrian Arab Rep.",475,9,0,0,0,0,0,484
2015,Greece,"Syrian Arab Rep.",9101,448,0,0,0,0,0,9549
2015,Croatia,"Syrian Arab Rep.",23,*,0,0,0,0,0,23
2015,Hungary,"Syrian Arab Rep.",476,18607,0,0,0,0,0,19083
2015,Ireland,"Syrian Arab Rep.",109,51,0,0,0,0,0,160
2015,Iceland,"Syrian Arab Rep.",37,*,0,0,0,0,0,37
2015,Italy,"Syrian Arab Rep.",1460,246,0,0,0,0,0,1706
2015,Kazakhstan,"Syrian Arab Rep.",23,16,0,0,0,0,0,39
2015,Liechtenstein,"Syrian Arab Rep.",23,*,0,0,0,0,0,23
2015,Luxembourg,"Syrian Arab Rep.",177,591,0,0,0,0,0,768
2015,Latvia,"Syrian Arab Rep.",65,*,0,0,0,0,0,65
2015,Malta,"Syrian Arab Rep.",1328,160,0,0,0,0,0,1488
2015,Netherlands,"Syrian Arab Rep.",16184,12718,0,0,0,0,0,28902
2015,Norway,"Syrian Arab Rep.",4121,9128,0,0,0,0,0,13249
2015,Poland,"Syrian Arab Rep.",445,36,0,0,0,0,0,481
2015,Portugal,"Syrian Arab Rep.",15,15,0,0,0,0,0,30
2015,Romania,"Syrian Arab Rep.",1591,96,0,0,0,0,0,1687
2015,"Russian Federation","Syrian Arab Rep.",1304,393,0,0,0,0,0,1697
2015,"Serbia and Kosovo (S/RES/1244 (1999))","Syrian Arab Rep.",11,0,0,0,0,0,0,11
2015,Slovakia,"Syrian Arab Rep.",47,0,0,0,0,0,0,47
2015,Slovenia,"Syrian Arab Rep.",30,9,0,0,0,0,0,39
2015,Sweden,"Syrian Arab Rep.",52707,49286,0,0,0,0,0,101993
2015,Turkey,"Syrian Arab Rep.",2503549,297,0,0,0,0,0,2503846
2015,Ukraine,"Syrian Arab Rep.",399,566,0,0,0,0,0,965
